{
  "State": [
    "Andaman and Nicobar Island",
    "Andhra Pradesh",
    "Arunachal Pradesh",
    "Assam",
    "Bihar",
    "CHANDIGARH",
    "Chhattisgarh",
    "Dadra and Nagar Haveli",
    "Daman and Diu",
    "Delhi",
    "Goa",
    "Gujarat",
    "Haryana",
    "Himachal Pradesh",
    "Jammu and Kashmir",
    "Jharkhand",
    "Karnataka",
    "Kerala",
    "Laddak",
    "Madhya Pradesh",
    "Maharashtra",
    "Manipur",
    "Meghalaya",
    "Mizoram",
    "Nagaland",
    "Odisha",
    "Puducherry",
    "Punjab",
    "Rajasthan",
    "Sikkim",
    "THE DADRA AND NAGAR HAVELI",
    "Tamil Nadu",
    "Telangana",
    "Tripura",
    "Uttar Pradesh",
    "Uttarakhand",
    "West Bengal"
  ],
  "District": [
    "ADILABAD",
    "AGAR MALWA",
    "AGRA",
    "AHMADABAD",
    "AHMEDNAGAR",
    "AIZAWL",
    "AJMER",
    "AKOLA",
    "ALAPPUZHA",
    "ALIGARH",
    "ALIPURDUAR",
    "ALIRAJPUR",
    "ALLAHABAD",
    "ALMORA",
    "ALWAR",
    "AMBALA",
    "AMBEDKAR NAGAR",
    "AMETHI",
    "AMRAVATI",
    "AMRELI",
    "AMRITSAR",
    "AMROHA",
    "ANAND",
    "ANANTAPUR",
    "ANANTNAG",
    "ANJAW",
    "ANUGUL",
    "ANUPPUR",
    "ARARIA",
    "ARAVALLI",
    "ARIYALUR",
    "ARWAL",
    "ASHOKNAGAR",
    "AURAIYA",
    "AURANGABAD",
    "AZAMGARH",
    "BADGAM",
    "BAGALKOTE",
    "BAGESHWAR",
    "BAGHPAT",
    "BAHRAICH",
    "BAKSA",
    "BALAGHAT",
    "BALANGIR",
    "BALESHWAR",
    "BALLARI",
    "BALLIA",
    "BALOD",
    "BALODA BAZAR",
    "BALRAMPUR",
    "BANAS KANTHA",
    "BANDA",
    "BANDIPORA",
    "BANGALORE RURAL",
    "BANKA",
    "BANKURA",
    "BANSWARA",
    "BARABANKI",
    "BARAMULLA",
    "BARAN",
    "BAREILLY",
    "BARGARH",
    "BARMER",
    "BARNALA",
    "BARPETA",
    "BARWANI",
    "BASTAR",
    "BASTI",
    "BATHINDA",
    "BEED",
    "BEGUSARAI",
    "BELAGAVI",
    "BEMETARA",
    "BENGALURU URBAN",
    "BETUL",
    "BHADRADRI",
    "BHADRAK",
    "BHAGALPUR",
    "BHANDARA",
    "BHARATPUR",
    "BHARUCH",
    "BHAVNAGAR",
    "BHILWARA",
    "BHIND",
    "BHIWANI",
    "BHOJPUR",
    "BHOPAL",
    "BIDAR",
    "BIJAPUR",
    "BIJNOR",
    "BIKANER",
    "BILASPUR",
    "BIRBHUM",
    "BISHNUPUR",
    "BISWANATH",
    "BOKARO",
    "BONGAIGAON",
    "BOTAD",
    "BOUDH",
    "BUDAUN",
    "BULANDSHAHR",
    "BULDHANA",
    "BUNDI",
    "BURHANPUR",
    "BUXAR",
    "CACHAR",
    "CHAMARAJANAGARA",
    "CHAMBA",
    "CHAMOLI",
    "CHAMPAWAT",
    "CHAMPHAI",
    "CHANDAULI",
    "CHANDEL",
    "CHANDIGARH",
    "CHANDRAPUR",
    "CHANGLANG",
    "CHARAIDEO",
    "CHARKI DADRI",
    "CHATRA",
    "CHENGALPATTU",
    "CHENNAI",
    "CHHATARPUR",
    "CHHINDWARA",
    "CHHOTAUDEPUR",
    "CHIKKABALLAPURA",
    "CHIKKAMAGALURU",
    "CHIRANG",
    "CHITRADURGA",
    "CHITRAKOOT",
    "CHITTOOR",
    "CHITTORGARH",
    "CHURACHANDPUR",
    "CHURU",
    "COIMBATORE",
    "COOCHBEHAR",
    "CUDDALORE",
    "CUTTACK",
    "DADRA AND NAGAR HAVELI",
    "DAKSHINA KANNADA",
    "DAMAN",
    "DAMOH",
    "DANG",
    "DANTEWADA",
    "DARBHANGA",
    "DARJEELING",
    "DARRANG",
    "DATIA",
    "DAUSA",
    "DAVANGERE",
    "DEHRADUN",
    "DELHI_TOTAL",
    "DEOGARH",
    "DEOGHAR",
    "DEORIA",
    "DEVBHUMI DWARKA",
    "DEWAS",
    "DHALAI",
    "DHAMTARI",
    "DHANBAD",
    "DHAR",
    "DHARMAPURI",
    "DHARWAD",
    "DHEMAJI",
    "DHENKANAL",
    "DHOLPUR",
    "DHUBRI",
    "DHULE",
    "DIBANG VALLEY",
    "DIBRUGARH",
    "DIMA HASAO",
    "DIMAPUR",
    "DINAJPUR DAKSHIN",
    "DINAJPUR UTTAR",
    "DINDIGUL",
    "DINDORI",
    "DIU",
    "DODA",
    "DOHAD",
    "DUMKA",
    "DUNGARPUR",
    "DURG",
    "EAST DISTRICT",
    "EAST GARO HILLS",
    "EAST GODAVARI",
    "EAST JAINTIA HILLS",
    "EAST KAMENG",
    "EAST KHASI HILLS",
    "EAST SIANG",
    "EAST SINGHBUM",
    "ERNAKULAM",
    "ERODE",
    "ETAH",
    "ETAWAH",
    "FAIZABAD",
    "FARIDABAD",
    "FARIDKOT",
    "FARRUKHABAD",
    "FATEHABAD",
    "FATEHGARH SAHIB",
    "FATEHPUR",
    "FAZILKA",
    "FIROZABAD",
    "FIROZEPUR",
    "GADAG",
    "GADCHIROLI",
    "GAJAPATI",
    "GANDERBAL",
    "GANDHINAGAR",
    "GANGANAGAR",
    "GANJAM",
    "GARHWA",
    "GARIYABAND",
    "GAURELLA-PENDRA-MARWAHI",
    "GAUTAM BUDDHA NAGAR",
    "GAYA",
    "GHAZIABAD",
    "GHAZIPUR",
    "GIR SOMNATH",
    "GIRIDIH",
    "GOALPARA",
    "GODDA",
    "GOLAGHAT",
    "GOMATI",
    "GONDA",
    "GONDIA",
    "GOPALGANJ",
    "GORAKHPUR",
    "GUMLA",
    "GUNA",
    "GUNTUR",
    "GURDASPUR",
    "GURGAON",
    "GWALIOR",
    "HAILAKANDI",
    "HAMIRPUR",
    "HANUMAKONDA",
    "HANUMANGARH",
    "HAPUR",
    "HARDA",
    "HARDOI",
    "HARIDWAR",
    "HASSAN",
    "HATHRAS",
    "HAVERI",
    "HAZARIBAGH",
    "HINGOLI",
    "HISAR",
    "HOJAI",
    "HOOGHLY",
    "HOSHANGABAD",
    "HOSHIARPUR",
    "HOWRAH",
    "HYDERABAD",
    "IDUKKI",
    "IMPHAL EAST",
    "IMPHAL WEST",
    "INDORE",
    "JABALPUR",
    "JAGATSINGHAPUR",
    "JAGITIAL",
    "JAIPUR",
    "JAISALMER",
    "JAJAPUR",
    "JALANDHAR",
    "JALAUN",
    "JALGAON",
    "JALNA",
    "JALORE",
    "JALPAIGURI",
    "JAMMU",
    "JAMNAGAR",
    "JAMTARA",
    "JAMUI",
    "JANGOAN",
    "JANJGIR-CHAMPA",
    "JASHPUR",
    "JAUNPUR",
    "JAYASHANKAR",
    "JEHANABAD",
    "JHABUA",
    "JHAJJAR",
    "JHALAWAR",
    "JHANSI",
    "JHARGRAM",
    "JHARSUGUDA",
    "JHUNJHUNU",
    "JIND",
    "JODHPUR",
    "JOGULAMBA",
    "JORHAT",
    "JUNAGADH",
    "KABIRDHAM",
    "KACHCHH",
    "KADAPA",
    "KAIMUR (BHABUA)",
    "KAITHAL",
    "KALABURAGI",
    "KALAHANDI",
    "KALIMPONG",
    "KALLAKURICHI",
    "KAMAREDDY",
    "KAMLE",
    "KAMRUP",
    "KAMRUP METRO",
    "KANCHIPURAM",
    "KANDHAMAL",
    "KANGRA",
    "KANKER",
    "KANNAUJ",
    "KANNIYAKUMARI",
    "KANNUR",
    "KANPUR DEHAT",
    "KANPUR NAGAR",
    "KAPURTHALA",
    "KARAIKAL",
    "KARAULI",
    "KARBI ANGLONG",
    "KARGIL",
    "KARIMGANJ",
    "KARIMNAGAR",
    "KARNAL",
    "KARUR",
    "KASARAGOD",
    "KASGANJ",
    "KATHUA",
    "KATIHAR",
    "KATNI",
    "KAUSHAMBI",
    "KENDRAPARA",
    "KENDUJHAR",
    "KHAGARIA",
    "KHAMMAM",
    "KHANDWA",
    "KHARGONE",
    "KHEDA",
    "KHERI",
    "KHORDHA",
    "KHOWAI",
    "KHUNTI",
    "KINNAUR",
    "KIPHIRE",
    "KISHANGANJ",
    "KISHTWAR",
    "KODAGU",
    "KODERMA",
    "KOHIMA",
    "KOKRAJHAR",
    "KOLAR",
    "KOLASIB",
    "KOLHAPUR",
    "KOLLAM",
    "KOMARAM BHEEM ASIFABAD",
    "KONDAGAON",
    "KOPPAL",
    "KORAPUT",
    "KORBA",
    "KOREA",
    "KOTA",
    "KOTTAYAM",
    "KOZHIKODE",
    "KRA DAADI",
    "KRISHNA",
    "KRISHNAGIRI",
    "KULGAM",
    "KULLU",
    "KUPWARA",
    "KURNOOL",
    "KURUKSHETRA",
    "KURUNG KUMEY",
    "KUSHI NAGAR",
    "LAHUL AND SPITI",
    "LAKHIMPUR",
    "LAKHISARAI",
    "LALITPUR",
    "LATEHAR",
    "LATUR",
    "LAWNGTLAI",
    "LEH LADAKH",
    "LEPARADA",
    "LOHARDAGA",
    "LOHIT",
    "LONGDING",
    "LONGLENG",
    "LOWER DIBANG VALLEY",
    "LOWER SIANG",
    "LOWER SUBANSIRI",
    "LUCKNOW",
    "LUDHIANA",
    "LUNGLEI",
    "MADHEPURA",
    "MADHUBANI",
    "MADURAI",
    "MAHABUBABAD",
    "MAHARAJGANJ",
    "MAHASAMUND",
    "MAHBUBNAGAR",
    "MAHE",
    "MAHENDRAGARH",
    "MAHESANA",
    "MAHISAGAR",
    "MAHOBA",
    "MAINPURI",
    "MAJULI",
    "MALAPPURAM",
    "MALDAH",
    "MALKANGIRI",
    "MAMIT",
    "MANCHERIAL",
    "MANDI",
    "MANDLA",
    "MANDSAUR",
    "MANDYA",
    "MANSA",
    "MARIGAON",
    "MATHURA",
    "MAU",
    "MAYURBHANJ",
    "MEDAK",
    "MEDCHAL MALKAJGIRI",
    "MEDINIPUR EAST",
    "MEDINIPUR WEST",
    "MEERUT",
    "MEWAT",
    "MIRZAPUR",
    "MOGA",
    "MOKOKCHUNG",
    "MON",
    "MORADABAD",
    "MORBI",
    "MORENA",
    "MUKTSAR",
    "MULUGU",
    "MUMBAI",
    "MUMBAI SUBURBAN",
    "MUNGELI",
    "MUNGER",
    "MURSHIDABAD",
    "MUZAFFARNAGAR",
    "MUZAFFARPUR",
    "MYSURU",
    "NABARANGPUR",
    "NADIA",
    "NAGAON",
    "NAGAPATTINAM",
    "NAGARKURNOOL",
    "NAGAUR",
    "NAGPUR",
    "NAINITAL",
    "NALANDA",
    "NALBARI",
    "NALGONDA",
    "NAMAKKAL",
    "NAMSAI",
    "NANDED",
    "NANDURBAR",
    "NARAYANAPET",
    "NARAYANPUR",
    "NARMADA",
    "NARSINGHPUR",
    "NASHIK",
    "NAVSARI",
    "NAWADA",
    "NAYAGARH",
    "NEEMUCH",
    "NICOBARS",
    "NIRMAL",
    "NIWARI",
    "NIZAMABAD",
    "NORTH AND MIDDLE ANDAMAN",
    "NORTH DISTRICT",
    "NORTH GARO HILLS",
    "NORTH GOA",
    "NORTH TRIPURA",
    "NUAPADA",
    "OSMANABAD",
    "PAKKE KESSANG",
    "PAKUR",
    "PALAKKAD",
    "PALAMU",
    "PALGHAR",
    "PALI",
    "PALWAL",
    "PANCH MAHALS",
    "PANCHKULA",
    "PANIPAT",
    "PANNA",
    "PAPUM PARE",
    "PARAGANAS NORTH",
    "PARAGANAS SOUTH",
    "PARBHANI",
    "PASCHIM BARDHAMAN",
    "PASHCHIM CHAMPARAN",
    "PATAN",
    "PATHANAMTHITTA",
    "PATHANKOT",
    "PATIALA",
    "PATNA",
    "PAURI GARHWAL",
    "PEDDAPALLI",
    "PERAMBALUR",
    "PEREN",
    "PHEK",
    "PILIBHIT",
    "PITHORAGARH",
    "PONDICHERRY",
    "POONCH",
    "PORBANDAR",
    "PRAKASAM",
    "PRATAPGARH",
    "PUDUKKOTTAI",
    "PULWAMA",
    "PUNE",
    "PURBA BARDHAMAN",
    "PURBI CHAMPARAN",
    "PURI",
    "PURNIA",
    "PURULIA",
    "RAE BARELI",
    "RAICHUR",
    "RAIGAD",
    "RAIGARH",
    "RAIPUR",
    "RAISEN",
    "RAJANNA",
    "RAJAURI",
    "RAJGARH",
    "RAJKOT",
    "RAJNANDGAON",
    "RAJSAMAND",
    "RAMANAGARA",
    "RAMANATHAPURAM",
    "RAMBAN",
    "RAMGARH",
    "RAMPUR",
    "RANCHI",
    "RANGAREDDI",
    "RANIPET",
    "RATLAM",
    "RATNAGIRI",
    "RAYAGADA",
    "REASI",
    "REWA",
    "REWARI",
    "RI BHOI",
    "ROHTAK",
    "ROHTAS",
    "RUDRA PRAYAG",
    "RUPNAGAR",
    "S NAGAR",
    "SABAR KANTHA",
    "SAGAR",
    "SAHARANPUR",
    "SAHARSA",
    "SAHEBGANJ",
    "SAIHA",
    "SALEM",
    "SAMASTIPUR",
    "SAMBA",
    "SAMBALPUR",
    "SAMBHAL",
    "SANGAREDDY",
    "SANGLI",
    "SANGRUR",
    "SANT KABEER NAGAR",
    "SANT RAVIDAS NAGAR",
    "SARAIKELA KHARSAWAN",
    "SARAN",
    "SATARA",
    "SATNA",
    "SAWAI MADHOPUR",
    "SEHORE",
    "SENAPATI",
    "SEONI",
    "SEPAHIJALA",
    "SERCHHIP",
    "SHAHDOL",
    "SHAHID BHAGAT SINGH NAGAR",
    "SHAHJAHANPUR",
    "SHAJAPUR",
    "SHAMLI",
    "SHEIKHPURA",
    "SHEOHAR",
    "SHEOPUR",
    "SHI YOMI",
    "SHIMLA",
    "SHIVAMOGGA",
    "SHIVPURI",
    "SHOPIAN",
    "SHRAVASTI",
    "SIANG",
    "SIDDHARTH NAGAR",
    "SIDDIPET",
    "SIDHI",
    "SIKAR",
    "SIMDEGA",
    "SINDHUDURG",
    "SINGRAULI",
    "SIRMAUR",
    "SIROHI",
    "SIRSA",
    "SITAMARHI",
    "SITAPUR",
    "SIVAGANGA",
    "SIVASAGAR",
    "SIWAN",
    "SOLAN",
    "SOLAPUR",
    "SONBHADRA",
    "SONEPUR",
    "SONIPAT",
    "SONITPUR",
    "SOUTH ANDAMANS",
    "SOUTH DISTRICT",
    "SOUTH GARO HILLS",
    "SOUTH GOA",
    "SOUTH SALMARA MANCACHAR",
    "SOUTH TRIPURA",
    "SOUTH WEST GARO HILLS",
    "SOUTH WEST KHASI HILLS",
    "SPSR NELLORE",
    "SRIKAKULAM",
    "SRINAGAR",
    "SUKMA",
    "SULTANPUR",
    "SUNDARGARH",
    "SUPAUL",
    "SURAJPUR",
    "SURAT",
    "SURENDRANAGAR",
    "SURGUJA",
    "SURYAPET",
    "TAMENGLONG",
    "TAPI",
    "TARN TARAN",
    "TAWANG",
    "TEHRI GARHWAL",
    "TENKASI",
    "THANE",
    "THANJAVUR",
    "THE NILGIRIS",
    "THENI",
    "THIRUVALLUR",
    "THIRUVANANTHAPURAM",
    "THIRUVARUR",
    "THOUBAL",
    "THRISSUR",
    "TIKAMGARH",
    "TINSUKIA",
    "TIRAP",
    "TIRUCHIRAPPALLI",
    "TIRUNELVELI",
    "TIRUPATHUR",
    "TIRUPPUR",
    "TIRUVANNAMALAI",
    "TONK",
    "TUENSANG",
    "TUMAKURU",
    "TUTICORIN",
    "UDAIPUR",
    "UDALGURI",
    "UDAM SINGH NAGAR",
    "UDHAMPUR",
    "UDUPI",
    "UJJAIN",
    "UKHRUL",
    "UMARIA",
    "UNA",
    "UNAKOTI",
    "UNNAO",
    "UPPER SIANG",
    "UPPER SUBANSIRI",
    "UTTAR KASHI",
    "UTTARA KANNADA",
    "VADODARA",
    "VAISHALI",
    "VALSAD",
    "VARANASI",
    "VELLORE",
    "VIDISHA",
    "VIJAYAPURA",
    "VIKARABAD",
    "VILLUPURAM",
    "VIRUDHUNAGAR",
    "VISAKHAPATANAM",
    "VIZIANAGARAM",
    "WANAPARTHY",
    "WARANGAL",
    "WARDHA",
    "WASHIM",
    "WAYANAD",
    "WEST DISTRICT",
    "WEST GARO HILLS",
    "WEST GODAVARI",
    "WEST JAINTIA HILLS",
    "WEST KAMENG",
    "WEST KARBI ANGLONG",
    "WEST KHASI HILLS",
    "WEST SIANG",
    "WEST SINGHBHUM",
    "WEST TRIPURA",
    "WOKHA",
    "YADADRI",
    "YADAGIRI",
    "YAMUNANAGAR",
    "YANAM",
    "YAVATMAL",
    "ZUNHEBOTO"
  ],
  "Crop": [
    "Arecanut",
    "Arhar/Tur",
    "Bajra",
    "Banana",
    "Barley",
    "Black pepper",
    "Cardamom",
    "Cashewnut",
    "Castor seed",
    "Coconut",
    "Coriander",
    "Cotton(lint)",
    "Cowpea(Lobia)",
    "Dry chillies",
    "Garlic",
    "Ginger",
    "Gram",
    "Groundnut",
    "Guar seed",
    "Horse-gram",
    "Jowar",
    "Jute",
    "Khesari",
    "Linseed",
    "Maize",
    "Masoor",
    "Mesta",
    "Moong(Green Gram)",
    "Moth",
    "Niger seed",
    "Oilseeds total",
    "Onion",
    "Other  Rabi pulses",
    "Other Cereals",
    "Other Kharif pulses",
    "Other Summer Pulses",
    "Peas & beans (Pulses)",
    "Potato",
    "Ragi",
    "Rapeseed &Mustard",
    "Rice",
    "Safflower",
    "Sannhamp",
    "Sesamum",
    "Small millets",
    "Soyabean",
    "Sugarcane",
    "Sunflower",
    "Sweet potato",
    "Tapioca",
    "Tobacco",
    "Turmeric",
    "Urad",
    "Wheat",
    "other oilseeds"
  ],
  "Season": [
    "Autumn",
    "Kharif",
    "Rabi",
    "Summer",
    "Whole Year",
    "Winter"
  ]
}